{
  "model_type": "LightGBM Classifier",
  "roc_auc": 0.6087478783130957,
  "training_date": "2026-05-19",
  "n_features": 32,
  "n_training_samples": 4762,
  "class_balance": {
    "not_clicked": 3402,
    "clicked": 1360
  },
  "performance": {
    "roc_auc": 0.6087478783130957,
    "accuracy": 0.9386160714285714,
    "precision": 0.25,
    "recall": 0.1111111111111111,
    "f1": 0.15384615384615385
  }
}